{
  "pos": {
    "x": -0.4,
    "y": -0.09,
    "z": 0.06
  },
  "rot": {
    "x": 0.178407346410207,
    "y": 0.418407346410207,
    "z": 0.178407346410207
  },
  "speed": 5
}