{
  "pos": {
    "x": 0.46,
    "y": 0.88,
    "z": 0.1
  },
  "rot": {
    "x": 0.328407346410207,
    "y": 3.13840734641021,
    "z": 2.81840734641021
  },
  "scale": 1
}