{
  "pos": {
    "x": 0.29,
    "y": 0.83,
    "z": 0.25
  },
  "rot": {
    "x": 0.618407346410207,
    "y": 3.13840734641021,
    "z": 2.61840734641021
  },
  "scale": 0.99
}