{
  "pos": {
    "x": -0.23,
    "y": 0.84,
    "z": 0.67
  },
  "rot": {
    "x": 0.528407346410207,
    "y": -0.101592653589793,
    "z": -2.26159265358979
  },
  "scale": 0.99
}