{
  "pos": {
    "x": -0.31,
    "y": -0.6,
    "z": -0.04
  },
  "rot": {
    "x": -0.981592653589793,
    "y": -0.101592653589793,
    "z": -0.001592653589793
  },
  "speed": 5
}